Brand,Yarn,Colorway,Weight,Grams/skein,Yards/skein,Meters/skein,Skeins,Remaining skeins,Remaining yards,Remaining meters,Remaining grams
Bernat,Baby Blanket (Polyester),Blue Jeans,Super Bulky (5-6 wpi),300,220,201.2,2,2,440,402.3,600
Bernat,Blanket,coal,Super Bulky (5-6 wpi),300,220,201.2,1,1,220,201.2,300
Bernat,Blanket,Vintage White,Super Bulky (5-6 wpi),300,220,201.2,1,1,220,201.2,300
Bernat,Blanket Brights,Jump Rope Varg op p pop] ,Super Bulky (5-6 wpi),150,108,98.8,3,3,324,296.3,450
Bernat,Blanket Brights,school bus yellow,Super Bulky (5-6 wpi),150,108,98.8,1,1,108,98.8,150
Bernat,Satin Solids,Aqua,Aran (8 wpi),100,200.1,183,6,6,1200.8,1098,600
Berroco,Modern Cotton™,1621 Warbler,Worsted (9 wpi),100,209,191.1,2,2,418,382.2,200
Big Twist,Cotton,Water Lilies,Aran (8 wpi),55,96,87.8,4.5,4.5,432,395,247
Big Twist,Cotton,Flamingo Splash,Aran (8 wpi),55,96,87.8,4,4,384,351.1,220
Big Twist,Cotton,Blueberry Speckle,Aran (8 wpi),55,96,87.8,3,3,288,263.3,165
Big Twist,Cotton,Fruity Speckle,Aran (8 wpi),55,96,87.8,3,3,288,263.3,165
Big Twist,Cotton,Sea Glass,Aran (8 wpi),55,96,87.8,3,3,288,263.3,165
Big Twist,Cotton,Pastel Blue,Aran (8 wpi),55,96,87.8,3,3,288,263.3,165
Big Twist,Cotton,Violet Splash,Aran (8 wpi),55,96,87.8,3,3,288,263.3,165
Big Twist,Cotton,Wildflowers,Aran (8 wpi),55,96,87.8,1,1,96,87.8,55
Crafters Square,Acrylic Solid Aran,pewter,Aran (8 wpi),60,132,120.7,7,7,924,844.9,420
Crafters Square,Polyester Solid Aran,lilac,Aran (8 wpi),60,132,120.7,4,4,528,482.8,240
Hobby Lobby,Crafter's Secret Cotton Multi,Caribbean ,Worsted (9 wpi),71,120,109.7,1,1,120,109.7,71
Hobby Lobby,Crafter's Secret Cotton Multi,haute pink,Worsted (9 wpi),71,120,109.7,1,1,120,109.7,71
Hobby Lobby,Crafter's Secret Cotton Solids,lavender,Worsted (9 wpi),57,95,86.9,2,2,190,173.7,114
Hobby Lobby,Crafter's Secret Cotton Solids,lavender ,Worsted (9 wpi),57,95,86.9,2,2,190,173.7,114
Hobby Lobby,I Love This Chunky! Colors,Oasis Beat,Super Bulky (5-6 wpi),100,109,99.7,3,3,327,299,300
Hobby Lobby,I Love This Cotton!,red,Aran (8 wpi),100,180,164.6,2,2,360,329.2,200
Hobby Lobby,I Love This Cotton!,Bright Green,Aran (8 wpi),100,180,164.6,1,1,180,164.6,100
Hobby Lobby,I Love This Cotton!,Dove,Aran (8 wpi),100,180,164.6,2,2,360,329.2,200
Hobby Lobby,I Love This Cotton!,Curry,Aran (8 wpi),100,180,164.6,1,1,180,164.6,100
Hobby Lobby,I Love This Cotton!,Khaki,Aran (8 wpi),100,180,164.6,1,1,180,164.6,100
Hobby Lobby,I Love This Cotton!,Black,Aran (8 wpi),100,180,164.6,1,1,180,164.6,100
Hobby Lobby,I Love This Cotton!,Dark Denim,Aran (8 wpi),100,180,164.6,1,1,180,164.6,100
Hobby Lobby,I Love This Cotton!,Parchment,Aran (8 wpi),100,180,164.6,3,3,540,493.8,300
Hobby Lobby,I Love This Cotton!,Aspyn,Aran (8 wpi),100,180,164.6,1,1,180,164.6,100
Hobby Lobby,I Love This Cotton!,Antique Cream,Aran (8 wpi),100,180,164.6,1,1,180,164.6,100
Hobby Lobby,I Love This Cotton!,Brown,Aran (8 wpi),100,180,164.6,1,1,180,164.6,100
Hobby Lobby,I Love This Cotton!,308 Pewter,Aran (8 wpi),100,180,164.6,1,1,180,164.6,100
Hobby Lobby,I Love This Cotton!,90 Royalty,Aran (8 wpi),100,180,164.6,2.75,2.75,495,452.6,275
Hobby Lobby,I Love This Cotton!,70 Turquoise,Aran (8 wpi),100,180,164.6,1,1,180,164.6,100
Hobby Lobby,I Love This Cotton!,101 Deep turquoise,Aran (8 wpi),100,180,164.6,6,6,1080,987.6,600
Hobby Lobby,I Love This Cotton!,254 Rosy,Aran (8 wpi),100,180,164.6,2,2,360,329.2,200
Hobby Lobby,I Love This Cotton!,33 Warm blush,Aran (8 wpi),100,180,164.6,3,3,540,493.8,300
Hobby Lobby,I Love This Cotton! Print,Teal,Aran (8 wpi),85,153,139.9,2,2,306,279.8,170
Hobby Lobby,I Love This Cotton! Print,Glowing,Aran (8 wpi),85,153,139.9,1,1,153,139.9,85
Hobby Lobby,I Love This Cotton! Print,Brights,Aran (8 wpi),85,153,139.9,2,2,306,279.8,170
Hobby Lobby,I Love This Yarn! Ombre,Purple Gradient,Aran (8 wpi),142,252,230.4,3,3,756,691.3,426
Hobby Lobby,I Love This Yarn! Print,Eddington Ridge,Aran (8 wpi),142,252,230.4,1,1,252,230.4,142
Hobby Lobby,I Love This Yarn! Print,Chambray,Aran (8 wpi),142,252,230.4,1,1,252,230.4,142
Hobby Lobby,I Love This Yarn! Print,Blue Me Away,Aran (8 wpi),142,252,230.4,2.5,2.5,630,576.1,355
Hobby Lobby,I Love This Yarn! Print,Pale Aqua Graduent,Aran (8 wpi),114,202,184.7,4,4,808,738.8,456
Hobby Lobby,I Love This Yarn! Print,Blushing Sunrise,Aran (8 wpi),142,252,230.4,2,2,504,460.9,284
Hobby Lobby,I Love This Yarn! Print,Fruit Punch,Aran (8 wpi),142,252,230.4,0.5,0.5,126,115.2,71
Hobby Lobby,I Love This Yarn! Solids,Aubergine,Aran (8 wpi),199,355,324.6,4,4,1420,1298.4,796
Hobby Lobby,I Love This Yarn! Solids,soft blue,Aran (8 wpi),199,355,324.6,1,1,355,324.6,199
Hobby Lobby,I Love This Yarn! Solids,Periwinkle ,Aran (8 wpi),199,355,324.6,1,1,355,324.6,199
Hobby Lobby,I Love This Yarn! Solids,112 Ocean,Aran (8 wpi),199,355,324.6,1,1,355,324.6,199
Hobby Lobby,I Love This Yarn! Sport Weight Solids,Greybeard,DK (11 wpi),70,230,210.3,7,7,1610,1472.2,490
K+C | Knit and Crochet ,Essential Cotton,Rain Forest,DK (11 wpi),100,180,164.6,1,1,180,164.6,100
K+C | Knit and Crochet ,Essential Cotton,Iditarod,DK (11 wpi),100,180,164.6,2,2,360,329.2,200
K+C | Knit and Crochet ,Essential Cotton,Charcoal,DK (11 wpi),100,180,164.6,1,1,180,164.6,100
K+C | Knit and Crochet ,KC Botanical,Sun Dried Tomato,Aran (8 wpi),100,137,125.3,1,1,137,125.3,100
Lily (Spinrite),Sugar'n Cream The Original (Solids),Purple Haze,Worsted (9 wpi),113,190,173.7,1,1,190,173.7,113
Lily (Spinrite),Sugar'n Cream The Original (Solids),Dark Orchid,Worsted (9 wpi),113,190,173.7,2,2,380,347.5,226
Lily (Spinrite),Sugar'n Cream The Original (Solids),Berry Crush,Worsted (9 wpi),113,190,173.7,1,1,190,173.7,113
Lily (Spinrite),Sugar'n Cream The Original (Solids),Teal,Worsted (9 wpi),113,190,173.7,1,1,190,173.7,113
Lily (Spinrite),Sugar'n Cream The Original (Solids),Rose Pink,Worsted (9 wpi),113,190,173.7,1,1,190,173.7,113
Lion Brand,24/7 Cotton,Beets,Worsted (9 wpi),100,186,170.1,1,1,186,170.1,100
Lion Brand,Coboo,Lilac,DK (11 wpi),100,232,212.1,9,9,2088,1909.3,900
Lion Brand,Coboo,ice blue,DK (11 wpi),100,232,212.1,2,2,464,424.3,200
Lion Brand,Coboo,Mauve,DK (11 wpi),100,232,212.1,2.5,2.5,580,530.4,250
Lion Brand,Coboo,Coal,DK (11 wpi),100,232,212.1,2,2,464,424.3,200
Lion Brand,Coboo,Denim,DK (11 wpi),100,232,212.1,1,1,232,212.1,100
Lion Brand,DIY Glow,natural,Aran (8 wpi),50,71,64.9,3,3,213,194.8,150
Lion Brand,Go For Faux Sparkle ,Nebula,Super Bulky (5-6 wpi),85,56,51.2,7,7,392,358.4,595
Lion Brand,Go For Faux Sparkle ,Galaxy,Super Bulky (5-6 wpi),85,56,51.2,3,3,168,153.6,255
Lion Brand,Go For Faux Sparkle ,Jupiter,Super Bulky (5-6 wpi),85,56,51.2,3,3,168,153.6,255
Lion Brand,Homespun,waterfall cascade,Bulky (7 wpi),170,185,169.2,1,1,185,169.2,170
Lion Brand,Hometown,Jacksonville Taffy,Super Bulky (5-6 wpi),142,81,74.1,2,2,162,148.1,284
Lion Brand,Hometown,Key Largo Tweed,Super Bulky (5-6 wpi),142,81,74.1,1,1,81,74.1,142
Lion Brand,Pima Cotton,Blueprint ,Aran (8 wpi),100,186,170.1,1,1,186,170.1,100
Lion Brand,Pima Cotton,Blue Print,Aran (8 wpi),100,186,170.1,1,1,186,170.1,100
Lion Brand,Re-Spekt,CornFlower,DK (11 wpi),100,262,239.6,1,1,262,239.6,100
Lion Brand,Re-Spun,Silver,Aran (8 wpi),284,658,601.7,5,5,3290,3008.4,1420
Lion Brand,Re-Spun,Fjord,Aran (8 wpi),284,658,601.7,4,4,2632,2406.7,1136
Lion Brand,Re-Spun,Raisin,Aran (8 wpi),284,658,601.7,2,2,1316,1203.4,568
Lion Brand,Re-Up Bonus Bundle (70/30 Cotton Blend),Sea Glass,Worsted (9 wpi),397,651,595.3,3,3,1953,1785.8,1191
Lion Brand,Re-Up Bonus Bundle (70/30 Cotton Blend),pomegranate ,Worsted (9 wpi),397,651,595.3,1,1,651,595.3,397
Lion Brand,Truboo,Bleu Marine,DK (11 wpi),100,241,220.4,1,1,241,220.4,100
Lion Brand,Truboo,silver,DK (11 wpi),100,241,220.4,1.75,1.75,421.8,385.6,175
Lion Brand,"Wool Ease Solids, Heathers, Twists",Black,Worsted (9 wpi),85,197,180.1,1,1,197,180.1,85
Lion Brand,"Wool Ease Solids, Heathers, Twists",Natural Heather,Worsted (9 wpi),85,197,180.1,1,1,197,180.1,85
Loops & Threads,Baby Delight,Mint,DK (11 wpi),200,557,509.3,3,3,1671,1528,600
Loops & Threads,Cozy Wool Merino Solid,Navy,DK (11 wpi),150,410,374.9,1,1,410,374.9,150
Loops & Threads,Eco Cozy Watercolors,Majestic Wave,Super Bulky (5-6 wpi),150,145,132.6,1,1,145,132.6,150
Loops & Threads,Ombre Hues,Plum/Pink/White,DK (11 wpi),150,426,389.5,1,1,426,389.5,150
Loops & Threads,Swirled Ombre,Pastel Multi,Aran (8 wpi),100,200,182.9,4,4,800,731.5,400
Mainstays,100% Acrylic,"black, grey, white",Aran (8 wpi),198,397,363,1,1,397,363,198
Mainstays,100% Acrylic,royal blue,Aran (8 wpi),198,397,363,3,3,1191,1089.1,594
Mainstays,100% Acrylic,White,Aran (8 wpi),198,397,363,1,1,397,363,198
Malabrigo Yarn,Chunky,Azul Bolita,Bulky (7 wpi),100,104,95.1,1,1,104,95.1,100
Malabrigo Yarn,Chunky,Revelry Red,Bulky (7 wpi),100,104,95.1,1,1,104,95.1,100
Mirasol Yarn,Pima Kuri,42- royal blue,Worsted (9 wpi),100,207.8,190,2,2,415.6,380,200
Patons North America,Kroy Socks,Zebra stripes,Fingering (14 wpi),50,166.2,152,3,3,498.7,456,150
Patons North America,Kroy Socks,plum,Fingering (14 wpi),50,166.2,152,1,1,166.2,152,50
Peaches & Creme,Stripey,Evening Sea,Worsted (9 wpi),56,95.1,87,2,2,190.3,174,112
Pisgah Yarn & Dyeing Co.,Peaches & Creme Solids,teal,Worsted (9 wpi),70,120,109.7,1,1,120,109.7,70
Premier Yarns,Cotton Collage ,party multi,Fingering (14 wpi),50,246,224.9,3,3,738,674.8,150
Premier Yarns,Cotton Collage ,Circus Multi,Fingering (14 wpi),50,246,224.9,1,1,246,224.9,50
Premier Yarns,Just Active Worsted,Black,Aran (8 wpi),50,109,99.7,7,7,763,697.7,350
Premier Yarns,Just Yarn Worsted,Light Grey,Aran (8 wpi),60,131,119.8,6,6,786,718.7,360
Premier Yarns,Just Yarn Worsted,Bright Teal,Aran (8 wpi),60,131,119.8,3,3,393,359.4,180
Red Heart,All In One Granny Square ,black-grape granny,Aran (8 wpi),250,417,381.3,1,1,417,381.3,250
Red Heart,All In One Granny Square ,soft white - amethyst,Aran (8 wpi),250,417,381.3,1,1,417,381.3,250
Red Heart,All In One Granny Square ,soft white - frigid,Aran (8 wpi),250,417,381.3,0.8,0.8,333.6,305,200
Red Heart,Roll With It Melange,purple blue,Worsted (9 wpi),150,389,355.7,1,1,389,355.7,150
Red Heart,Super Saver (solids),Claret,Aran (8 wpi),198,364,332.8,2,2,728,665.7,396
Red Heart,Super Saver Jumbo,Orchid,Aran (8 wpi),396,744,680.3,1,1,744,680.3,396
Universal Yarn,Clean Cotton,Silver Lace,Aran (8 wpi),75,131,119.8,2,2,262,239.6,150
Yarn Bee,44th Street,Pale Aqua,DK (11 wpi),100,540,493.8,3,3,1620,1481.3,300
Yarn Bee,44th Street,Adriatic Sea,DK (11 wpi),100,540,493.8,1,1,540,493.8,100
Yarn Bee,Authentic Hand-Dyed ,Tiger's Eye,Fingering (14 wpi),100,400,365.8,4,4,1600,1463,400
Yarn Bee,Authentic Hand-Dyed Alpaca,Blizzard Frost,Sport (12 wpi),71,185,169.2,2,2,370,338.3,142
Yarn Bee,Bamboo-tiful,Sea Green,DK (11 wpi),113,257,235,2,2,514,470,226
Yarn Bee,Chloe,Ombre Sky,Aran (8 wpi),100,270,246.9,1.3,1.3,351,321,130
Yarn Bee,Chunky + Cozy,Spa,Super Bulky (5-6 wpi),227,58,53,3,3,174,159.1,681
Yarn Bee,Comfy Classic w/52% Rayon,Granite,Aran (8 wpi),100,150,137.2,6,6,900,823,600
Yarn Bee,Comfy Classic w/52% Rayon,pale teal,Aran (8 wpi),100,150,137.2,3,3,450,411.5,300
Yarn Bee,Cotton XXL,Cognac,Bulky (7 wpi),100,50,45.7,4,4,200,182.9,400
Yarn Bee,Effortless Super Bulky (without rayon),Dark Carmine,Super Bulky (5-6 wpi),170,111,101.5,4,4,444,406,680
Yarn Bee,Fireplace Comfort,Veiled Amethyst ,Aran (8 wpi),150,229,209.4,3,3,687,628.2,450
Yarn Bee,Fresh Haven,Onyx Twist,Aran (8 wpi),100,180,164.6,3,3,540,493.8,300
Yarn Bee,Fur the Love,Dark Brown,Super Bulky (5-6 wpi),198,37,33.8,1,1,37,33.8,198
Yarn Bee,Fur the Love,Black ,Super Bulky (5-6 wpi),198,37,33.8,1,1,37,33.8,198
Yarn Bee,Fur the Moment,Silver,Super Bulky (5-6 wpi),100,62,56.7,2,2,124,113.4,200
Yarn Bee,Must Be Merino,Teal,DK (11 wpi),100,227,207.6,6,6,1362,1245.4,600
Yarn Bee,Must Be Merino,Teal,DK (11 wpi),100,227,207.6,5,5,1135,1037.8,500
Yarn Bee,Must Be Merino,Black,DK (11 wpi),100,227,207.6,2,2,454,415.1,200
Yarn Bee,Must Be Merino,Burgundy,DK (11 wpi),100,227,207.6,3,3,681,622.7,300
Yarn Bee,Must Be Merino,Linen,DK (11 wpi),100,227,207.6,8,8,1816,1660.6,800
Yarn Bee,Must Be Merino Aran ,Cognac,Aran (8 wpi),100,153,139.9,10,10,1530,1399,1000
Yarn Bee,Pima Suprema,Copper,Aran (8 wpi),100,180,164.6,4,4,720,658.4,400
Yarn Bee,Pima Suprema,french navy,Aran (8 wpi),100,180,164.6,3,3,540,493.8,300
Yarn Bee,Soft & Sleek DK,Oxblood,DK (11 wpi),114,478,437.1,1,1,478,437.1,114
Yarn Bee,Soft & Sleek DK,Aquamarine ,DK (11 wpi),114,478,437.1,1,1,478,437.1,114
Yarn Bee,Soft & Sleek DK,Ocean Wave,DK (11 wpi),114,478,437.1,1,1,478,437.1,114
Yarn Bee,Soft & Sleek Solids,Plum,Aran (8 wpi),142,232,212.1,1,1,232,212.1,142
Yarn Bee,Soft Secret Solids,Mauve,Worsted (9 wpi),170,300,274.3,3.25,3.25,975,891.5,552
Yarn Bee,Soft Secret Solids,Red,Worsted (9 wpi),170,300,274.3,1.2,1.2,360,329.2,204
Yarn Bee,Soft Secret Solids,smoke,Worsted (9 wpi),170,300,274.3,1,1,300,274.3,170
Yarn Bee,Soft Secret Solids,Mist,Worsted (9 wpi),170,300,274.3,1,1,300,274.3,170
Yarn Bee,Soft Secret Solids,Garnet,Worsted (9 wpi),170,300,274.3,1,1,300,274.3,170
Yarn Bee,Soft Secret Solids,light denim,Worsted (9 wpi),170,300,274.3,1,1,300,274.3,170
Yarn Bee,Spinesse,Teal,DK (11 wpi),100,350,320,8,8,2800,2560.3,800
Yarn Bee,Spinesse,Grey,DK (11 wpi),100,350,320,9,9,3150,2880.4,900
Yarn Bee,Stitch 101 50/50,Cornflower ,Aran (8 wpi),,180,164.6,4,4,720,658.4,
Yarn Bee,Stitch 101 50/50,Aquamarine,Aran (8 wpi),,180,164.6,2,2,360,329.2,
Yarn Bee,Studio 72,Navy,Aran (8 wpi),100,145,132.6,4,4,580,530.4,400
Yarn Bee,Sugarwheel Cotton Solids,Overcast,DK (11 wpi),142,335,306.3,5,5,1675,1531.6,710
Yarn Bee,Sugarwheel Cotton Solids,endless sea,DK (11 wpi),142,335,306.3,1,1,335,306.3,142
Yarn Bee,Tender Touch,Lavender,Bulky (7 wpi),85,135,123.4,3,3,405,370.3,255
Yarn Bee,Tender Touch,Rose,Bulky (7 wpi),85,135,123.4,5,5,675,617.2,425
Yarn Bee,Truly Teddy,Tobacco,Super Bulky (5-6 wpi),227,30,27.4,1,1,30,27.4,227
Yarn Bee,Urban Chic,Juneberry Breeze,DK (11 wpi),100,284,259.7,1,1,284,259.7,100
Yarn Bee,Velvety Smooth Sparkle,purple,Aran (8 wpi),100,161,147.2,1,1,161,147.2,100
Yarn Bee,Yarntopia,Scarlet,Sport (12 wpi),114,312,285.3,1,1,312,285.3,114
Yarn Bee,Yarntopia,Heather,Sport (12 wpi),114,312,285.3,2,2,624,570.6,228
,,,,,,,394.05,394.05,86708,79285.4,44602